Workbook

Sheet Resume
A1: Plan de production des connaissances ALFRED — 3 mois
A2: Fenetre du 17/08/2026 au 15/11/2026 (13 semaines) — MIS A JOUR le 20/08/2026 (nouvelle repartition Lot standard)
A4: Revision du 20/08/2026 | B4: Cette version remplace la ponderation par couverture-registre de la premiere version (16/08/2026) par la repartition precise imposee par Celine pour le lot standard quotidien de 60 fiches, appliquee avec succes le 20/08/2026 (Lot 13, volet rotation standard).
A5: Nouvelle regle quotidienne (60 fiches/jour) | B5: 20 fiches ALFRED CPL (hors business_strategy et demo_scenario en rotation reguliere) + 10 fiches secteurs_activite (angles nouveaux, sans dupliquer profil/normes/enjeux/vocabulaire/pestel deja crees) + 30 fiches socle reparties en 10 psychologie/emotions + 15 culture (cinema/musique/lecture) + 5 domaines au choix.
A6: Volume cible sur la fenetre | B6: 5 460 fiches (420/semaine x 13 semaines = 60/jour x 91 jours), inchange dans son total.
A7: cpl.business_strategy — changement de statut | B7: Etait quasi gele (3/semaine) dans la version precedente du plan a cause de l'audit de consolidation en attente depuis le Lot 9. Cet audit a ete realise le 20/08/2026 (34 -> 35 fiches, 6 doublons/stubs fusionnes, 7 nouveaux frameworks dont big data/RSE/ocean bleu) : le sous-domaine revient donc a un quota normal (12/semaine, comme les 10 autres sous-domaines cpl actifs). demo_scenario reste plus faible (8/semaine) car c'est un ensemble ferme par nature.
A8: secteurs_activite — nouveau bloc dedie | B8: Domaine cree le 20/08/2026 (9 secteurs : sante, finance_banque, industrie_manufacturiere, retail_distribution, secteur_public, energie, construction_btp, assurance, transport_logistique), deja alimente de 45 fiches de base (profil/normes/enjeux/vocabulaire/pestel par secteur) plus 10 fiches d'approfondissement le meme jour. Quota desormais dedie et recurrent (10/jour = 70/semaine), reparti presque egalement entre les 9 secteurs.
A9: Psychologie/emotions — nouveau bloc dedie | B9: 10/jour = 70/semaine, reparti entre human.psychology (30/semaine, deja plus fourni : 18 fiches dont les apports du volet Ikigai du 20/08) et human.emotional_intelligence (40/semaine, plus fin : 9 fiches).
A10: Culture cinema/musique/lecture — nouveau bloc dedie | B10: 15/jour = 105/semaine, reparti egalement entre cinema (35/semaine), arts.musique (35/semaine) et arts.litterature (35/semaine, le plus fin des trois avec seulement 7 fiches). Le domaine cinema a ete formellement declare dans taxonomy.json/manifest.json le 20/08/2026 (regularisation d'une dette de gouvernance signalee depuis le Lot 11).
A11: Bloc libre (5/jour) | B11: Volontairement non pre-assigne a un domaine fixe : ce bloc absorbe les besoins ponctuels identifies au moment de chaque lot (le 20/08/2026 il a servi a veille, gestion_projet, securite_ia, rse_developpement_durable, accessibilite_inclusion). Ne pas figer ce bloc dans un domaine precis, c'est son role d'etre la variable d'ajustement.
A12: ARTHUR — statut change, plus de quota dedie automatique | B12: La version precedente du plan (16/08/2026) reservait 20 fiches/semaine a un bloc Arthur dedie (contes enfants 1-10 ans, litterature ado 10-15 ans, programmes scolaires, pedagogie d'explication). La nouvelle repartition imposee par Celine pour le lot standard ne mentionne plus Arthur specifiquement. Choix fait ici, a confirmer aupres de Celine si besoin : Arthur n'a plus de quota hebdomadaire automatique, mais reste accessible via le bloc libre (5/jour) au cas par cas, ou via un lot thematique dedie ponctuel (comme cela a ete fait pour secteurs_activite le 20/08/2026). Le domaine `arthur` n'existe toujours pas dans taxonomy.json a ce jour.
A13: Ce que ce plan NE fixe PAS | B13: Les titres exacts de chaque fiche restent choisis au moment du lot quotidien (verification anti-doublon, coherence avec le registre du jour) — ce plan pilote le volume et la priorite par bloc/semaine, pas le contenu mot a mot.
A14: Domaines exclus de la rotation | B14: core et system : fichiers de configuration/comportement a schema special, pas des fiches de connaissance generiques (decouvert et documente au Lot 10, 18/07/2026).
A16: Controle de coherence (calcule depuis l'onglet 'Plan 3 mois')
A17: Bloc CPL / semaine (cible = 140, soit 20/jour) | B17: ='Plan 3 mois'!H31
A18: Bloc Secteurs d'activite / semaine (cible = 70, soit 10/jour) | B18: ='Plan 3 mois'!H32
A19: Bloc Psychologie/emotions / semaine (cible = 70, soit 10/jour) | B19: ='Plan 3 mois'!H33
A20: Bloc Culture cinema/musique/lecture / semaine (cible = 105, soit 15/jour) | B20: ='Plan 3 mois'!H34
A21: Bloc Libre / semaine (cible = 35, soit 5/jour) | B21: ='Plan 3 mois'!H35
A22: TOTAL GENERAL / semaine (cible = 420) | B22: ='Plan 3 mois'!H29
A23: Equivalent moyen / jour (cible = 60) | B23: ='Plan 3 mois'!I29

Sheet Plan 3 mois
A1: Domaine | B1: Sous-domaine | C1: Bloc (regle quotidienne) | D1: ALFRED Core | E1: ALFRED CPL | F1: ARTHUR | G1: Fiches existantes (20/08/2026 soir) | H1: Quota / semaine | I1: Quota / jour (moyenne) | J1: Total sur 3 mois (13 sem.) | K1: Note
A2: cpl | B2: strategy | C2: CPL (20/jour) | D2: Non | E2: Oui | F2: Non | G2: 12 | H2: 12 | I2: =H2/7 | J2: =H2*13
A3: cpl | B3: product_ia | C3: CPL (20/jour) | D3: Non | E3: Oui | F3: Non | G3: 12 | H3: 12 | I3: =H3/7 | J3: =H3*13
A4: cpl | B4: execution | C4: CPL (20/jour) | D4: Non | E4: Oui | F4: Non | G4: 14 | H4: 12 | I4: =H4/7 | J4: =H4*13
A5: cpl | B5: business_piloting | C5: CPL (20/jour) | D5: Non | E5: Oui | F5: Non | G5: 12 | H5: 12 | I5: =H5/7 | J5: =H5*13
A6: cpl | B6: ethics_governance | C6: CPL (20/jour) | D6: Non | E6: Oui | F6: Non | G6: 15 | H6: 12 | I6: =H6/7 | J6: =H6*13
A7: cpl | B7: human_communication | C7: CPL (20/jour) | D7: Non | E7: Oui | F7: Non | G7: 13 | H7: 12 | I7: =H7/7 | J7: =H7*13
A8: cpl | B8: human_organization | C8: CPL (20/jour) | D8: Non | E8: Oui | F8: Non | G8: 11 | H8: 12 | I8: =H8/7 | J8: =H8*13
A9: cpl | B9: business_strategy | C9: CPL (20/jour) | D9: Non | E9: Oui | F9: Non | G9: 35 | H9: 12 | I9: =H9/7 | J9: =H9*13
A10: cpl | B10: product_platform | C10: CPL (20/jour) | D10: Non | E10: Oui | F10: Non | G10: 26 | H10: 12 | I10: =H10/7 | J10: =H10*13
A11: cpl | B11: operations_continuite | C11: CPL (20/jour) | D11: Non | E11: Oui | F11: Non | G11: 13 | H11: 12 | I11: =H11/7 | J11: =H11*13
A12: cpl | B12: documentation_procedures | C12: CPL (20/jour) | D12: Non | E12: Oui | F12: Non | G12: 12 | H12: 12 | I12: =H12/7 | J12: =H12*13
A13: cpl | B13: demo_scenario | C13: CPL (20/jour) | D13: Non | E13: Oui | F13: Non | G13: 4 | H13: 8 | I13: =H13/7 | J13: =H13*13
A14: secteurs_activite | B14: sante | C14: Secteurs d'activite (10/jour) | D14: Oui | E14: Oui | F14: Non | G14: 6 | H14: 8 | I14: =H14/7 | J14: =H14*13 | K14: Angles nouveaux uniquement (profil/normes/enjeux/vocabulaire/pestel deja couverts le 20/08/2026)
A15: secteurs_activite | B15: assurance | C15: Secteurs d'activite (10/jour) | D15: Oui | E15: Oui | F15: Non | G15: 6 | H15: 8 | I15: =H15/7 | J15: =H15*13 | K15: Angles nouveaux uniquement (profil/normes/enjeux/vocabulaire/pestel deja couverts le 20/08/2026)
A16: secteurs_activite | B16: construction_btp | C16: Secteurs d'activite (10/jour) | D16: Oui | E16: Oui | F16: Non | G16: 6 | H16: 8 | I16: =H16/7 | J16: =H16*13 | K16: Angles nouveaux uniquement (profil/normes/enjeux/vocabulaire/pestel deja couverts le 20/08/2026)
A17: secteurs_activite | B17: energie | C17: Secteurs d'activite (10/jour) | D17: Oui | E17: Oui | F17: Non | G17: 6 | H17: 8 | I17: =H17/7 | J17: =H17*13 | K17: Angles nouveaux uniquement (profil/normes/enjeux/vocabulaire/pestel deja couverts le 20/08/2026)
A18: secteurs_activite | B18: industrie_manufacturiere | C18: Secteurs d'activite (10/jour) | D18: Oui | E18: Oui | F18: Non | G18: 6 | H18: 8 | I18: =H18/7 | J18: =H18*13 | K18: Angles nouveaux uniquement (profil/normes/enjeux/vocabulaire/pestel deja couverts le 20/08/2026)
A19: secteurs_activite | B19: retail_distribution | C19: Secteurs d'activite (10/jour) | D19: Oui | E19: Oui | F19: Non | G19: 6 | H19: 8 | I19: =H19/7 | J19: =H19*13 | K19: Angles nouveaux uniquement (profil/normes/enjeux/vocabulaire/pestel deja couverts le 20/08/2026)
A20: secteurs_activite | B20: secteur_public | C20: Secteurs d'activite (10/jour) | D20: Oui | E20: Oui | F20: Non | G20: 6 | H20: 8 | I20: =H20/7 | J20: =H20*13 | K20: Angles nouveaux uniquement (profil/normes/enjeux/vocabulaire/pestel deja couverts le 20/08/2026)
A21: secteurs_activite | B21: finance_banque | C21: Secteurs d'activite (10/jour) | D21: Oui | E21: Oui | F21: Non | G21: 7 | H21: 7 | I21: =H21/7 | J21: =H21*13 | K21: Angles nouveaux uniquement (profil/normes/enjeux/vocabulaire/pestel deja couverts le 20/08/2026)
A22: secteurs_activite | B22: transport_logistique | C22: Secteurs d'activite (10/jour) | D22: Oui | E22: Oui | F22: Non | G22: 6 | H22: 7 | I22: =H22/7 | J22: =H22*13 | K22: Angles nouveaux uniquement (profil/normes/enjeux/vocabulaire/pestel deja couverts le 20/08/2026)
A23: human | B23: emotional_intelligence | C23: Psychologie/emotions (10/jour) | D23: Oui | E23: Non | F23: Oui | G23: 9 | H23: 40 | I23: =H23/7 | J23: =H23*13
A24: human | B24: psychology | C24: Psychologie/emotions (10/jour) | D24: Oui | E24: Non | F24: Oui | G24: 18 | H24: 30 | I24: =H24/7 | J24: =H24*13
A25: cinema | B25: cinema | C25: Culture cinema/musique/lecture (15/jour) | D25: Oui | E25: Non | F25: Oui | G25: 12 | H25: 35 | I25: =H25/7 | J25: =H25*13
A26: arts | B26: musique | C26: Culture cinema/musique/lecture (15/jour) | D26: Oui | E26: Non | F26: Oui | G26: 10 | H26: 35 | I26: =H26/7 | J26: =H26*13
A27: arts | B27: litterature | C27: Culture cinema/musique/lecture (15/jour) | D27: Oui | E27: Non | F27: Oui | G27: 7 | H27: 35 | I27: =H27/7 | J27: =H27*13
A28: (variable) | B28: Domaines au choix, selon les manques identifies dans le registre au moment du lot | C28: Libre (5/jour) | D28: Oui | E28: Non | F28: Non | H28: 35 | I28: =H28/7 | J28: =H28*13 | K28: Volontairement non pre-assigne : ce bloc absorbe la variabilite (ex. veille, gestion_projet, securite_ia, rse_developpement_durable, accessibilite_inclusion utilises le 20/08/2026)
A29: TOTAL | H29: =SUM(H2:H28) | I29: =H29/7 | J29: =SUM(J2:J28)
A31: dont bloc CPL (20/jour, non negociable) | H31: =SUM(H2,H3,H4,H5,H6,H7,H8,H9,H10,H11,H12,H13)
A32: dont bloc Secteurs d'activite (10/jour) | H32: =SUM(H14,H15,H16,H17,H18,H19,H20,H21,H22)
A33: dont bloc Psychologie/emotions (10/jour) | H33: =SUM(H23,H24)
A34: dont bloc Culture cinema/musique/lecture (15/jour) | H34: =SUM(H25,H26,H27)
A35: dont bloc Libre, domaines au choix (5/jour) | H35: =SUM(H28)
